DEALER_ORDER_ID,PART_CODE,PART_NAME,PART_QUANTITY,COST,RETAIL_PRICE,DISCOUNT_RATE,PAID_IN_AMOUNT,CREATE_BY,CREATE_DATE
000001,PASC0260BYD001,"Suspension Components (Shocks, Struts)",2.0,2744.56,1338.25,0.17,1155.33,9999999999,2024-01-12
000002,PABP0001BYD001,Battery Pack,1.0,140.73,315.95,0.55,2847.12,9999999999,2024-02-23
000003,PABP0170BYD003,Brake Pads,2.0,873.72,1546.03,0.22,2961.59,9999999999,2024-03-21
000004,PASC0260BYD001,"Suspension Components (Shocks, Struts)",1.0,865.83,1546.66,0.45,424.97,9999999999,2024-01-07
000005,PATMS008BYD002,Thermal Management System,1.0,2955.81,1370.98,0.44,4617.74,9999999999,2024-06-16
000006,PASC0260BYD001,"Suspension Components (Shocks, Struts)",1.0,1889.85,772.96,0.49,2191.13,9999999999,2024-01-03
000007,PACP0004BYD001,Charging Port,1.0,1857.88,2179.6,0.44,3124.19,9999999999,2024-05-30
000008,PASC0260BYD001,"Suspension Components (Shocks, Struts)",3.0,2520.01,303.01,0.18,4044.46,9999999999,2024-04-08
000009,PATI0190BYD001,Tires,2.0,2951.74,471.81,0.27,4991.43,9999999999,2024-08-12
000010,PACP0004BYD001,Charging Port,1.0,834.43,2501.99,0.54,494.88,9999999999,2024-03-18
000011,PASC0260BYD001,"Suspension Components (Shocks, Struts)",1.0,2665.68,2060.81,0.39,2853.52,9999999999,2024-05-31
000012,PASC0260BYD001,"Suspension Components (Shocks, Struts)",3.0,2702.12,608.96,0.19,1744.04,9999999999,2024-07-05
000013,PABP0170BYD001,Brake Pads,4.0,2032.47,2905.86,0.53,3598.21,9999999999,2024-07-01
000014,PASC0260BYD001,"Suspension Components (Shocks, Struts)",2.0,462.08,2351.26,0.22,889.19,9999999999,2024-02-22
000015,PABP0170BYD004,Brake Pads,3.0,880.59,1059.27,0.37,1907.69,9999999999,2024-06-02
000016,PAHVC011BYD003,High Voltage Cables,3.0,2868.33,2597.72,0.52,2806.95,9999999999,2024-06-13
000017,PASC0260BYD001,"Suspension Components (Shocks, Struts)",2.0,1866.12,1446.44,0.26,2017.06,9999999999,2024-04-30
000018,PABMS006BYD001,Battery Management System (BMS),1.0,1875.86,2458.5,0.58,2972.72,9999999999,2024-04-22
000019,PABP0001BYD004,Battery Pack,1.0,1810.13,1079.0,0.43,3607.52,9999999999,2024-04-11
000020,PASC0260BYD001,"Suspension Components (Shocks, Struts)",1.0,1602.86,2276.58,0.15,3849.94,9999999999,2024-04-03
000021,PASC0260BYD001,"Suspension Components (Shocks, Struts)",3.0,1871.05,333.4,0.41,626.6,9999999999,2024-03-19
000022,PABP0001BYD005,Battery Pack,1.0,2495.85,2622.79,0.31,2477.29,9999999999,2024-03-11
000023,PASC0260BYD001,"Suspension Components (Shocks, Struts)",1.0,640.43,1835.61,0.48,1797.41,9999999999,2024-06-26
000024,PABMS006BYD004,Battery Management System (BMS),1.0,2383.76,2415.06,0.26,941.88,9999999999,2024-06-08
000025,PASC0260BYD001,"Suspension Components (Shocks, Struts)",3.0,2783.25,2956.69,0.19,2556.87,9999999999,2024-07-23
000026,PASC0260BYD001,"Suspension Components (Shocks, Struts)",3.0,887.55,1003.21,0.16,1469.78,9999999999,2024-06-14
000027,PABMS006BYD001,Battery Management System (BMS),1.0,1293.02,1495.95,0.41,1931.78,9999999999,2024-04-30
000028,PASC0260BYD003,"Suspension Components (Shocks, Struts)",4.0,884.69,2248.44,0.26,1022.64,9999999999,2024-03-04
000029,PACP0004BYD001,Charging Port,1.0,2913.82,784.05,0.14,4650.3,9999999999,2024-03-22
000030,PASC0260BYD001,"Suspension Components (Shocks, Struts)",4.0,1337.18,2055.86,0.3,141.51,9999999999,2024-02-20
000031,PATMS008BYD005,Thermal Management System,1.0,187.28,2327.4,0.48,2298.83,9999999999,2024-05-14
000032,PAHVC011BYD005,High Voltage Cables,4.0,2011.14,2487.91,0.46,4158.44,9999999999,2024-08-12
000033,PACP0004BYD003,Charging Port,1.0,337.61,800.68,0.51,2861.42,9999999999,2024-03-02
000034,PASC0260BYD001,"Suspension Components (Shocks, Struts)",3.0,851.49,1274.31,0.21,717.41,9999999999,2024-02-10
000035,PASC0260BYD001,"Suspension Components (Shocks, Struts)",3.0,1593.68,710.78,0.48,2355.09,9999999999,2024-04-08
000036,PABP0001BYD004,Battery Pack,1.0,537.25,1854.16,0.32,3825.06,9999999999,2024-04-21
000037,PAPEC007BYD005,Power Electronics Controller,1.0,2314.54,1991.62,0.12,4375.66,9999999999,2024-03-13
000038,PASC0260BYD001,"Suspension Components (Shocks, Struts)",4.0,1987.03,1041.84,0.49,3181.52,9999999999,2024-04-18
000039,PACL0310BYD002,Coolant (for thermal management),3.0,1177.37,2316.06,0.12,4682.65,9999999999,2024-05-24
000040,PACAF034BYD003,Cabin Air Filter,1.0,1190.74,2578.89,0.49,1538.3,9999999999,2024-06-09
000041,PATMS008BYD003,Thermal Management System,1.0,1151.18,2623.06,0.33,4498.57,9999999999,2024-05-09
000042,PACAF034BYD003,Cabin Air Filter,1.0,2195.85,1298.29,0.48,1465.2,9999999999,2024-08-05
000043,PASC0260BYD001,"Suspension Components (Shocks, Struts)",1.0,1728.42,775.09,0.34,103.01,9999999999,2024-04-11
000044,PACP0004BYD001,Charging Port,1.0,2843.0,1405.47,0.4,4738.98,9999999999,2024-08-03
000045,PASC0260BYD001,"Suspension Components (Shocks, Struts)",2.0,1214.06,368.63,0.31,931.13,9999999999,2024-01-22
000046,PAPEC007BYD005,Power Electronics Controller,1.0,391.35,593.51,0.19,3925.19,9999999999,2024-05-12
000047,PAPEC007BYD001,Power Electronics Controller,1.0,2030.72,2769.2,0.16,2853.92,9999999999,2024-06-13
000048,PACP0004BYD001,Charging Port,1.0,2034.55,1607.63,0.56,4482.52,9999999999,2024-07-06
000049,PASC0260BYD001,"Suspension Components (Shocks, Struts)",3.0,301.39,1483.03,0.5,4917.19,9999999999,2024-05-03
000050,PASC0260BYD001,"Suspension Components (Shocks, Struts)",3.0,2677.1,2356.28,0.48,4323.65,9999999999,2024-02-16
000051,PAPEC007BYD001,Power Electronics Controller,1.0,696.62,2476.07,0.16,961.51,9999999999,2024-06-12
000052,PACP0004BYD001,Charging Port,1.0,339.71,342.65,0.54,609.81,9999999999,2024-04-07
000053,PASC0260BYD001,"Suspension Components (Shocks, Struts)",2.0,525.1,1278.2,0.13,2047.15,9999999999,2024-05-13
000054,PABP0001BYD002,Battery Pack,1.0,1695.85,2428.13,0.24,1225.2,9999999999,2024-02-28
000055,PAHVC011BYD001,High Voltage Cables,1.0,2433.11,955.5,0.18,2550.59,9999999999,2024-01-04
000056,PACP0004BYD001,Charging Port,1.0,1213.35,448.68,0.46,3136.05,9999999999,2024-05-30
000057,PAPEC007BYD001,Power Electronics Controller,1.0,1213.3,1206.6,0.25,1894.02,9999999999,2024-01-11
000058,PACL0310BYD001,Coolant (for thermal management),1.0,2260.06,858.15,0.26,3824.33,9999999999,2024-05-10
000059,PACP0004BYD001,Charging Port,1.0,2849.7,360.91,0.52,3798.81,9999999999,2024-06-03
000060,PACP0004BYD001,Charging Port,1.0,2257.07,851.8,0.3,939.86,9999999999,2024-02-13
000061,PATMS008BYD003,Thermal Management System,1.0,1996.69,1162.63,0.56,1747.61,9999999999,2024-08-03
000062,PACP0004BYD003,Charging Port,1.0,1688.66,2538.48,0.41,107.61,9999999999,2024-03-23
000063,PAWS0210BYD005,Windshield,1.0,2472.0,644.91,0.45,896.77,9999999999,2024-08-03
000064,PABP0001BYD001,Battery Pack,1.0,720.93,1871.61,0.24,3030.31,9999999999,2024-02-26
000065,PAPEC007BYD005,Power Electronics Controller,1.0,2601.71,1858.91,0.42,1500.72,9999999999,2024-02-02
000066,PABMS006BYD004,Battery Management System (BMS),1.0,2649.11,1232.24,0.2,4043.86,9999999999,2024-01-13
000067,PABP0001BYD003,Battery Pack,1.0,339.73,1424.66,0.45,3403.41,9999999999,2024-03-21
000068,PASC0260BYD001,"Suspension Components (Shocks, Struts)",3.0,341.6,1791.36,0.12,2231.07,9999999999,2024-08-09
000069,PASC0260BYD001,"Suspension Components (Shocks, Struts)",2.0,2065.84,1456.63,0.45,2735.01,9999999999,2024-02-14
000070,PASC0260BYD001,"Suspension Components (Shocks, Struts)",4.0,2915.25,2634.31,0.44,1521.64,9999999999,2024-03-21
000071,PAIN0003BYD001,Inverter,1.0,1682.86,2754.47,0.49,3166.42,9999999999,2024-02-05
000072,PACP0004BYD001,Charging Port,1.0,2659.36,2994.23,0.56,3328.27,9999999999,2024-02-23
000073,PASC0260BYD001,"Suspension Components (Shocks, Struts)",2.0,1681.46,356.83,0.58,4783.72,9999999999,2024-04-01
000074,PABP0001BYD004,Battery Pack,1.0,2681.31,2908.2,0.17,3939.32,9999999999,2024-03-07
000075,PAPEC007BYD002,Power Electronics Controller,1.0,1843.72,116.96,0.55,4651.86,9999999999,2024-05-29
000076,PAPEC007BYD003,Power Electronics Controller,1.0,2028.8,1422.73,0.43,3883.46,9999999999,2024-03-18
000077,PABP0001BYD003,Battery Pack,1.0,2061.09,2550.45,0.36,2129.99,9999999999,2024-01-05
000078,PACP0004BYD001,Charging Port,1.0,1700.01,2030.17,0.4,1735.67,9999999999,2024-04-18
000079,PASC0260BYD001,"Suspension Components (Shocks, Struts)",4.0,2820.91,1972.98,0.13,3690.82,9999999999,2024-03-24
000080,PACP0004BYD001,Charging Port,1.0,2963.09,2202.0,0.47,4244.63,9999999999,2024-02-09
000081,PABMS006BYD003,Battery Management System (BMS),1.0,1846.94,1872.87,0.12,4010.86,9999999999,2024-05-20
000082,PABP0001BYD003,Battery Pack,1.0,1752.24,2063.26,0.38,3167.71,9999999999,2024-05-09
000083,PATMS008BYD003,Thermal Management System,1.0,2399.91,1555.43,0.17,363.57,9999999999,2024-04-07
000084,PASC0260BYD001,"Suspension Components (Shocks, Struts)",2.0,200.31,1314.78,0.23,4412.64,9999999999,2024-03-31
000085,PACP0004BYD001,Charging Port,1.0,1542.22,1754.08,0.23,4238.06,9999999999,2024-08-12
000086,PASC0260BYD001,"Suspension Components (Shocks, Struts)",4.0,2243.58,111.33,0.46,3056.93,9999999999,2024-08-07
000087,PACP0004BYD001,Charging Port,1.0,1991.68,2014.53,0.5,2110.28,9999999999,2024-08-07
000088,PAWS0210BYD001,Windshield,1.0,2558.43,515.41,0.47,2541.84,9999999999,2024-04-13
000089,PABP0001BYD005,Battery Pack,1.0,1284.98,1033.4,0.57,3780.4,9999999999,2024-02-09
000090,PAHVC011BYD002,High Voltage Cables,4.0,2818.17,2364.01,0.54,365.29,9999999999,2024-01-15
000091,PABP0001BYD001,Battery Pack,1.0,1321.88,1756.89,0.56,4945.67,9999999999,2024-05-07
000092,PASC0260BYD001,"Suspension Components (Shocks, Struts)",3.0,1938.78,2736.68,0.1,3388.13,9999999999,2024-02-14
000093,PACP0004BYD001,Charging Port,1.0,979.84,2304.02,0.57,4266.28,9999999999,2024-04-19
000094,PABP0001BYD004,Battery Pack,1.0,1234.45,423.77,0.58,3441.32,9999999999,2024-04-03
000095,PAIN0003BYD003,Inverter,1.0,1623.03,788.2,0.4,551.04,9999999999,2024-08-09
000096,PASC0260BYD004,"Suspension Components (Shocks, Struts)",4.0,1797.41,1186.09,0.28,800.94,9999999999,2024-02-07
000097,PACL0310BYD001,Coolant (for thermal management),5.0,1497.67,2460.04,0.29,2213.65,9999999999,2024-07-05
000098,PASC0260BYD001,"Suspension Components (Shocks, Struts)",3.0,1371.98,1233.26,0.52,2279.22,9999999999,2024-05-06
000099,PACP0004BYD004,Charging Port,1.0,2590.81,2466.73,0.31,4709.02,9999999999,2024-02-20
000100,PABP0001BYD003,Battery Pack,1.0,1379.44,1067.97,0.57,4687.31,9999999999,2024-02-23
