DEALER_ORDER_ID,DEALER_ORDER_VERSION,DEALER_CODE,EXTERNAL_DEALER_ORDER_NO,SERVICE_CONSULTANT,CREATE_BY,CREATE_DATE,REPAIR_TYPE,REPAIR_SOURCE,ORDER_STATUS,ORDER_TYPE,ORDER_CREATE_DATE,ORDER_LAST_BALANCE_DATE,PREVIOUS_LAST_REPAIR_DATE,VIN,DELIVERER,DELIVERER_MOBILE,ENTER_SHOP_DATE,DISPATCH_DATE,COMPLETION_DATE,ETD,POWER_MILEAGE,TOTAL_MILEAGE,CREATE_CLAIM_FLAG,CLAIM_NO,ACTIVITY_FLAG,ACTIVITY_CODE,TROUBLE_DESC,DELIVER_PROBLEM,CHECK_RESULT,CURRENCY,TOTAL_PAID_IN_AMOUNT
1.0,1,000009,114.0,Lunna Fogaça,9999999999,2024-04-26,Non-Warranty,99301002,Opened,22021002,2024-04-26,2024-05-05,1800-01-01 00:00:00,LAU-3E15,Eloá Siqueira,+55 (071) 1695-4952,2024-04-26,2024-04-30,2024-05-05,2024-05-04,48803.0,246.0,Y,be50807b-d7bb-43e9-b485-77ee914c42b7,Y,1836a8c6-de5d-4ef2-8945-291e265464db,Inconsistent charging,,,BRL,1360.81
2.0,1,000032,51.0,Ian Montenegro,9999999999,2024-01-18,Warranty,99301002,Opened,22021001,2024-01-18,2024-07-18,1800-01-01 00:00:00,WOX-5K68,Dr. Ian Azevedo,+55 84 4203-5472,2024-01-18,2024-02-18,2024-07-18,2024-07-08,8067.0,97618.0,Y,ad454004-b5d7-486a-8237-f1b1ddea8d86,Y,8151b349-fb1a-491a-9324-4a65d1b9bef3,Tire replacement,,,BRL,326.22
3.0,1,000046,81.0,Maria Luísa Gonçalves,9999999999,2024-02-03,Warranty,99301002,Opened,22021001,2024-02-03,2024-03-03,1800-01-01 00:00:00,OVS-6J12,Luiz Gustavo Guerra,0800-284-5968,2024-02-03,2024-02-23,2024-03-03,2024-02-15,22148.0,85983.0,N,,Y,08e0e8df-688b-49e7-8449-6aef90a27b0e,Vehicle control system failures,,,BRL,2873.35
4.0,1,000010,98.0,Maria Vitória Silva,9999999999,2024-04-21,Non-Warranty,99301002,Opened,22021001,2024-04-21,2024-08-13,1800-01-01 00:00:00,EDX-6H24,Vitória Sampaio,(071) 3443-3853,2024-04-21,2024-04-29,2024-08-13,2024-06-18,20435.0,78481.0,N,,Y,8cdcc2ce-4bdf-4579-89b0-58677de0cadb,Inconsistent charging,,,BRL,2624.87
5.0,1,000010,109.0,Sr. Alexandre Sousa,9999999999,2024-06-03,Non-Warranty,99301002,Opened,22021001,2024-06-03,2024-07-13,1800-01-01 00:00:00,LZD-1V34,Sra. Rebeca Andrade,81 0517 4357,2024-06-03,2024-06-22,2024-07-13,2024-06-27,903.0,33359.0,Y,1fef3dd6-ed8f-402e-930c-f4ed5d87f7dc,Y,9af6b0ff-5326-4844-ba6c-b906ea4e5a2c,Suspension problems,,,BRL,393.41
6.0,1,000017,77.0,Hellena Pereira,9999999999,2024-04-22,Warranty,99301002,Opened,22021007,2024-04-22,2024-05-30,1800-01-01 00:00:00,GKI-0Z37,Maya Fernandes,41 2721-8943,2024-04-22,2024-05-27,2024-05-30,2024-05-08,21252.0,37098.0,N,,Y,88edd6d3-d9a0-490f-a961-95fa159a1f56,Suspension problems,,,BRL,1481.5
7.0,1,000028,45.0,Maria Luísa da Conceição,9999999999,2024-02-03,Non-Warranty,99301002,Opened,22021001,2024-02-03,2024-05-10,1800-01-01 00:00:00,FEH-1F34,Arthur Miguel Novais,+55 41 6499 5116,2024-02-03,2024-04-13,2024-05-10,2024-02-10,35084.0,21733.0,Y,aa4a4a8b-057d-44a3-a99c-e4cdfc9fe8b0,N,,Software glitches,,,BRL,1360.34
8.0,1,000040,69.0,Francisco Lima,9999999999,2024-07-06,Non-Warranty,99301002,Opened,22021001,2024-07-06,2024-08-04,1800-01-01 00:00:00,JTZ-6M71,João Miguel Azevedo,+55 61 7747 9583,2024-07-06,2024-07-18,2024-08-04,2024-07-14,31179.0,1058.0,N,,Y,e3d3d19a-1a1d-45c5-afcc-0c18d1655070,Software glitches,,,BRL,884.77
9.0,1,000049,68.0,Alícia Monteiro,9999999999,2024-03-05,Non-Warranty,99301002,Opened,22021001,2024-03-05,2024-04-18,1800-01-01 00:00:00,RVZ-5U58,Natália Vasconcelos,(051) 4308 9512,2024-03-05,2024-03-26,2024-04-18,2024-03-20,8915.0,81698.0,N,,Y,b8629d14-7432-4559-afd3-dfaa88ffdf97,Wiring problems,,,BRL,628.25
10.0,1,000003,114.0,Clara Azevedo,9999999999,2024-02-01,Warranty,99301002,Opened,22021001,2024-02-01,2024-03-20,1800-01-01 00:00:00,IOB-5R86,Thomas da Paz,0300 490 9242,2024-02-01,2024-03-07,2024-03-20,2024-03-15,18805.0,58780.0,N,,Y,4cafb15e-7f0c-42da-99d8-bfd370cf5745,Suspension problems,,,BRL,619.43
11.0,1,000042,113.0,Davi Lucca Cavalcanti,9999999999,2024-01-06,Warranty,99301002,Opened,22021002,2024-01-06,2024-07-15,1800-01-01 00:00:00,BZH-0N36,Srta. Ana Vitória Montenegro,+55 11 4889-8396,2024-01-06,2024-06-11,2024-07-15,2024-05-17,9232.0,96458.0,N,,N,,Windshield replacement,,,BRL,1942.88
12.0,1,000025,107.0,Marina Pacheco,9999999999,2024-02-01,Warranty,99301002,Opened,22021001,2024-02-01,2024-03-18,1800-01-01 00:00:00,ZJS-1A79,Maria Pimenta,81 0038 1802,2024-02-01,2024-02-18,2024-03-18,2024-02-17,12702.0,3732.0,N,,Y,35ea89b3-dc07-48eb-b475-0c52f9f602db,Suspension problems,,,BRL,2376.04
13.0,1,000040,21.0,Dom Fogaça,9999999999,2024-04-15,Non-Warranty,99301002,Opened,22021007,2024-04-15,2024-05-13,1800-01-01 00:00:00,ZAA-9U14,Sra. Maya Oliveira,(081) 5251-9833,2024-04-15,2024-05-11,2024-05-13,2024-04-24,8195.0,74995.0,Y,4af05b76-d662-4fea-a34f-2c2fad42d8eb,N,,Suspension problems,,,BRL,684.63
14.0,1,000017,114.0,Bento Correia,9999999999,2024-02-25,Warranty,99301002,Opened,22021002,2024-02-25,2024-03-24,1800-01-01 00:00:00,WFM-4W48,Arthur Gabriel Cassiano,+55 84 3609 7161,2024-02-25,2024-03-23,2024-03-24,2024-02-27,24274.0,54483.0,N,,Y,18821335-1f15-4eb8-bdf3-2ab0f7141590,Electrical system faults,,,BRL,2684.37
15.0,1,000042,58.0,Dom Novaes,9999999999,2024-08-04,Non-Warranty,99301002,Opened,22021007,2024-08-04,2024-08-09,1800-01-01 00:00:00,OXI-0R95,Lívia Correia,11 5867 3759,2024-08-04,2024-08-06,2024-08-09,2024-08-06,12409.0,19118.0,N,,Y,3230a8af-3ce3-42c7-b866-bdcd656ab5b4,Software glitches,,,BRL,1065.19
16.0,1,000047,76.0,Paulo Vieira,9999999999,2024-04-29,Non-Warranty,99301002,Opened,22021007,2024-04-29,2024-05-01,1800-01-01 00:00:00,DXK-4B93,Henry Gabriel Borges,+55 84 8010-2461,2024-04-29,2024-04-30,2024-05-01,2024-04-29,30705.0,6076.0,N,,Y,a0c8c192-8525-4132-ac3c-6326cb8c2c5e,Windshield replacement,,,BRL,256.96
17.0,1,000010,33.0,Isaac Alves,9999999999,2024-04-27,Warranty,99301002,Opened,22021007,2024-04-27,2024-06-02,1800-01-01 00:00:00,OAD-9B51,Maria Fernanda Monteiro,51 6446 3907,2024-04-27,2024-05-03,2024-06-02,2024-05-29,25763.0,35021.0,N,,Y,db5bd443-dd5e-4e5c-a6c1-c1cadcc30078,Cabin filter replacement,,,BRL,1824.17
18.0,1,000043,93.0,Davi Luiz Gomes,9999999999,2024-04-26,Warranty,99301002,Opened,22021001,2024-04-26,2024-08-06,1800-01-01 00:00:00,SBV-7L43,Rael Nogueira,+55 (041) 9822-5507,2024-04-26,2024-07-28,2024-08-06,2024-06-02,4891.0,83331.0,N,,N,,Suspension problems,,,BRL,1527.32
19.0,1,000005,20.0,Otto Ramos,9999999999,2024-03-10,Warranty,99301002,Opened,22021001,2024-03-10,2024-07-01,1800-01-01 00:00:00,PAU-2M39,Ana Sophia Vieira,61 0890 2874,2024-03-10,2024-05-05,2024-07-01,2024-06-24,35908.0,63026.0,Y,040c4d58-954a-4019-a093-e30f1e1eedd9,Y,5880b516-9b9f-46b8-b271-789606499c09,Software glitches,,,BRL,219.89
20.0,1,000048,105.0,Milena Peixoto,9999999999,2024-01-22,Warranty,99301002,Opened,22021002,2024-01-22,2024-03-31,1800-01-01 00:00:00,WQK-8K55,Júlia Pereira,31 7836 0556,2024-01-22,2024-01-31,2024-03-31,2024-03-25,42493.0,92767.0,N,,Y,c500cf83-fcb3-4236-9e99-8467d7d1f82b,Suspension problems,,,BRL,2126.47
21.0,1,000006,111.0,Rafaela Novaes,9999999999,2024-03-17,Warranty,99301002,Opened,22021007,2024-03-17,2024-04-11,1800-01-01 00:00:00,JYR-8L20,João Pedro Silva,(081) 1726 8131,2024-03-17,2024-04-10,2024-04-11,2024-03-25,4662.0,35123.0,Y,35640c72-bae8-42c8-84d1-a82e64486f70,N,,Suspension problems,,,BRL,1849.59
22.0,1,000009,120.0,Luan Vieira,9999999999,2024-07-14,Non-Warranty,99301002,Opened,22021001,2024-07-14,2024-08-08,1800-01-01 00:00:00,VAS-2Y20,Eduardo Cirino,(021) 2399 0925,2024-07-14,2024-07-29,2024-08-08,2024-08-03,33547.0,77455.0,Y,84533b66-c3d0-4f99-ba72-a8e8b0cc68a0,Y,b6b09b75-a478-4cd5-8134-e4572d24fd9b,Inconsistent charging,,,BRL,489.2
23.0,1,000001,27.0,Lavínia Casa Grande,9999999999,2024-08-08,Non-Warranty,99301002,Opened,22021007,2024-08-08,2024-08-09,1800-01-01 00:00:00,VOD-4F25,Lorena da Costa,+55 (061) 7604 3819,2024-08-08,2024-08-08,2024-08-09,2024-08-08,15316.0,23903.0,N,,Y,2b919302-5633-434e-9715-558743568c9a,Suspension problems,,,BRL,817.64
24.0,1,000036,91.0,Bernardo Oliveira,9999999999,2024-02-02,Non-Warranty,99301002,Opened,22021001,2024-02-02,2024-02-20,1800-01-01 00:00:00,MHR-1L19,Luísa Nogueira,(071) 9696 3701,2024-02-02,2024-02-19,2024-02-20,2024-02-03,1946.0,57630.0,N,,Y,584c1484-a8ef-4278-9975-36a8d8b23694,Battery management system failure,,,BRL,152.41
25.0,1,000010,60.0,Danilo Rocha,9999999999,2024-02-16,Warranty,99301002,Opened,22021001,2024-02-16,2024-06-24,1800-01-01 00:00:00,EVG-8H07,Guilherme Costa,(051) 3923-3323,2024-02-16,2024-03-02,2024-06-24,2024-04-01,10346.0,61302.0,N,,Y,8909625a-bc78-49bc-ab65-2a721d8bc252,Software glitches,,,BRL,2837.53
26.0,1,000049,89.0,Sr. Fernando Cavalcante,9999999999,2024-04-29,Non-Warranty,99301002,Opened,22021007,2024-04-29,2024-07-27,1800-01-01 00:00:00,IUT-8J43,Fernando Almeida,+55 (081) 7272 1556,2024-04-29,2024-05-17,2024-07-27,2024-05-07,17544.0,25170.0,N,,N,,Charging port issues,,,BRL,2177.68
27.0,1,000027,77.0,Ana Sophia Martins,9999999999,2024-03-02,Warranty,99301002,Opened,22021002,2024-03-02,2024-06-17,1800-01-01 00:00:00,VJB-5M04,Guilherme Siqueira,+55 21 3267 1196,2024-03-02,2024-04-30,2024-06-17,2024-06-16,17135.0,83244.0,Y,babcea6b-973d-458b-978c-5c69ccfba69e,N,,Tire replacement,,,BRL,1125.45
28.0,1,000016,74.0,Rebeca Siqueira,9999999999,2024-07-29,Non-Warranty,99301002,Opened,22021002,2024-07-29,2024-08-09,1800-01-01 00:00:00,WHP-1B95,Srta. Camila Lopes,+55 11 7262 0838,2024-07-29,2024-07-31,2024-08-09,2024-07-29,40763.0,53707.0,Y,2d58cc88-a9ac-4915-bee9-db39b0343d89,N,,Suspension problems,,,BRL,532.04
29.0,1,000043,110.0,Luiz Gustavo Lopes,9999999999,2024-03-06,Non-Warranty,99301002,Opened,22021001,2024-03-06,2024-05-09,1800-01-01 00:00:00,JFY-9Q96,Joaquim Cavalcanti,+55 (081) 8540-9634,2024-03-06,2024-04-06,2024-05-09,2024-05-02,30740.0,24449.0,Y,0502629d-81eb-4561-bfae-217e9e2d720d,N,,Suspension problems,,,BRL,2392.98
30.0,1,000044,38.0,João Guilherme Sales,9999999999,2024-02-01,Non-Warranty,99301002,Opened,22021001,2024-02-01,2024-07-16,1800-01-01 00:00:00,BAZ-6P63,Maria Eduarda Casa Grande,84 4551 5215,2024-02-01,2024-05-28,2024-07-16,2024-05-12,15080.0,89615.0,Y,1b078fe5-fe3a-4fc5-8b81-f5956109e517,N,,Suspension problems,,,BRL,143.85
31.0,1,000044,117.0,Elisa Cunha,9999999999,2024-03-25,Warranty,99301002,Opened,22021007,2024-03-25,2024-04-22,1800-01-01 00:00:00,PWX-3H62,Marcos Vinicius Montenegro,+55 (081) 9017 2997,2024-03-25,2024-03-25,2024-04-22,2024-04-03,16912.0,61953.0,Y,86610b8d-449c-4ebf-8215-93c8c44ac09a,N,,Suspension problems,,,BRL,2704.79
32.0,1,000043,88.0,Maria Vitória Moraes,9999999999,2024-03-23,Warranty,99301002,Opened,22021007,2024-03-23,2024-05-30,1800-01-01 00:00:00,CXS-1Q65,Stephany da Conceição,+55 (081) 1767 8494,2024-03-23,2024-05-24,2024-05-30,2024-04-09,8365.0,86545.0,N,,Y,262b8ae6-bebe-4bfc-889f-8b86b99e73e5,Suspension problems,,,BRL,313.48
33.0,1,000016,42.0,Luan Nunes,9999999999,2024-03-03,Non-Warranty,99301002,Opened,22021001,2024-03-03,2024-04-29,1800-01-01 00:00:00,ZNF-2B61,Luísa Nascimento,(071) 9582-2072,2024-03-03,2024-03-25,2024-04-29,2024-03-03,45514.0,98038.0,N,,N,,Overheating of battery,,,BRL,911.7
34.0,1,000023,99.0,Ísis Oliveira,9999999999,2024-05-03,Warranty,99301002,Opened,22021001,2024-05-03,2024-06-10,1800-01-01 00:00:00,WTG-3C43,Yago Abreu,+55 71 1769-9589,2024-05-03,2024-06-05,2024-06-10,2024-05-12,1389.0,66405.0,Y,f47fa32e-c3e0-437d-a427-211ac5cf2c4d,Y,4683fbd4-42ea-484c-accc-2372b4703ff7,Battery overheating,,,BRL,803.47
35.0,1,000011,93.0,Sra. Alana Moreira,9999999999,2024-02-11,Non-Warranty,99301002,Opened,22021001,2024-02-11,2024-04-09,1800-01-01 00:00:00,CFH-2H58,Isabel Guerra,(011) 5534-4520,2024-02-11,2024-02-17,2024-04-09,2024-03-20,29628.0,29046.0,Y,1ef0e207-914f-4df6-96d1-578d3c0502c1,N,,Inconsistent charging,,,BRL,655.04
36.0,1,000012,46.0,Luiz Miguel Ramos,9999999999,2024-02-27,Non-Warranty,99301002,Opened,22021001,2024-02-27,2024-05-08,1800-01-01 00:00:00,MVH-7H06,Ana Laura Fernandes,21 0514-0904,2024-02-27,2024-04-10,2024-05-08,2024-04-11,13692.0,7235.0,Y,d15d0716-f824-4ab5-a43d-fa155fdb1c8c,N,,Inconsistent charging,,,BRL,2043.76
37.0,1,000013,45.0,Danilo Lima,9999999999,2024-07-31,Non-Warranty,99301002,Opened,22021001,2024-07-31,2024-08-09,1800-01-01 00:00:00,HER-6Z30,Dra. Juliana Barbosa,0300 244 2016,2024-07-31,2024-08-02,2024-08-09,2024-07-31,13751.0,50219.0,Y,057ed87b-71d7-4c55-85b5-d451cdf3b232,Y,436bd6b0-6171-4776-be66-203207f61f43,Suspension problems,,,BRL,2656.43
38.0,1,000029,24.0,Bella Oliveira,9999999999,2024-03-24,Non-Warranty,99301002,Opened,22021001,2024-03-24,2024-04-05,1800-01-01 00:00:00,DON-3K86,Sr. Pedro Abreu,(011) 8899-0003,2024-03-24,2024-03-27,2024-04-05,2024-03-31,13951.0,2228.0,N,,Y,fb2d92c2-f138-49c6-9c6d-ae6f4f044779,Suspension problems,,,BRL,1672.0
39.0,1,000019,114.0,Isabelly da Rosa,9999999999,2024-03-27,Non-Warranty,99301002,Opened,22021001,2024-03-27,2024-06-17,1800-01-01 00:00:00,PMS-5V00,João Felipe Pacheco,(011) 6827 6649,2024-03-27,2024-04-21,2024-06-17,2024-03-29,17281.0,94205.0,N,,Y,549cab97-2e43-467a-85dc-12d65ddd1f48,Windshield replacement,,,BRL,1339.72
40.0,1,000035,68.0,Dr. Yan Rodrigues,9999999999,2024-05-10,Non-Warranty,99301002,Opened,22021002,2024-05-10,2024-06-23,1800-01-01 00:00:00,FYW-7Y54,Gabriel Oliveira,0300 726 0072,2024-05-10,2024-05-21,2024-06-23,2024-06-04,15647.0,58964.0,Y,65a1158d-9aa9-411e-bded-c9b278d2e177,Y,c217fb0d-6818-47f3-b00d-eabc21d5e2df,Windshield replacement,,,BRL,2944.37
41.0,1,000027,57.0,Maria Cecília da Cunha,9999999999,2024-01-26,Warranty,99301002,Opened,22021001,2024-01-26,2024-02-02,1800-01-01 00:00:00,FNK-1H70,Aylla Pires,31 0561 9216,2024-01-26,2024-02-01,2024-02-02,2024-01-31,7292.0,55807.0,N,,N,,Software glitches,,,BRL,618.98
42.0,1,000050,40.0,Ana Vitória Lima,9999999999,2024-05-27,Warranty,99301002,Opened,22021001,2024-05-27,2024-06-13,1800-01-01 00:00:00,SNE-3K68,Gabriela Brito,+55 (071) 5076-6687,2024-05-27,2024-06-06,2024-06-13,2024-05-30,29578.0,42723.0,N,,Y,29f623bb-f8e0-41d5-a5d3-fd8b4402d7c5,Suspension problems,,,BRL,361.94
43.0,1,000046,27.0,Srta. Emanuelly Barbosa,9999999999,2024-08-10,Non-Warranty,99301002,Opened,22021001,2024-08-10,2024-08-13,1800-01-01 00:00:00,FPF-4G62,Benicio Castro,+55 (081) 1145-7281,2024-08-10,2024-08-11,2024-08-13,2024-08-11,13428.0,55304.0,N,,Y,fede268b-601e-4e70-a666-7051673cde97,Suspension problems,,,BRL,1071.7
44.0,1,000023,24.0,Maria Helena Caldeira,9999999999,2024-02-19,Non-Warranty,99301002,Opened,22021001,2024-02-19,2024-06-13,1800-01-01 00:00:00,HPN-0M42,Ágatha Mendes,+55 (051) 1884-7869,2024-02-19,2024-04-17,2024-06-13,2024-03-16,19298.0,70195.0,Y,07e8455e-62c4-489a-bf47-51e266f136ea,N,,Suspension problems,,,BRL,2310.96
45.0,1,000038,52.0,Thomas da Cunha,9999999999,2024-04-20,Warranty,99301002,Opened,22021001,2024-04-20,2024-07-29,1800-01-01 00:00:00,BWO-8Y19,Maria Clara Aparecida,41 9233-6540,2024-04-20,2024-06-06,2024-07-29,2024-06-19,4294.0,32110.0,N,,N,,Suspension problems,,,BRL,1375.44
46.0,1,000008,92.0,Luara Barbosa,9999999999,2024-05-03,Warranty,99301002,Opened,22021001,2024-05-03,2024-06-08,1800-01-01 00:00:00,UJW-1K85,Vitor da Rocha,(061) 7177-0026,2024-05-03,2024-05-11,2024-06-08,2024-05-08,197.0,31347.0,Y,69965ee7-f691-43bf-807d-cd7d65519801,N,,Cooling system issues,,,BRL,2568.36
47.0,1,000032,63.0,Dr. Diego Mendes,9999999999,2024-07-25,Non-Warranty,99301002,Opened,22021001,2024-07-25,2024-07-25,1800-01-01 00:00:00,ZTG-6U94,Paulo Silveira,(081) 0771-0895,2024-07-25,2024-07-25,2024-07-25,2024-07-25,21747.0,60821.0,Y,c814978d-cb1b-473c-a0e0-757c5e0fec66,N,,Battery degradation,,,BRL,1042.66
48.0,1,000040,25.0,Benjamin Vasconcelos,9999999999,2024-06-03,Warranty,99301002,Opened,22021001,2024-06-03,2024-07-13,1800-01-01 00:00:00,KBX-9W87,Milena Casa Grande,+55 51 2615 9305,2024-06-03,2024-06-04,2024-07-13,2024-06-08,32790.0,92239.0,Y,f3b61030-c055-4a20-9de4-a91688181942,Y,0b83685d-5a25-4c72-bac2-4b3581d367fa,Suspension problems,,,BRL,1673.15
49.0,1,000010,46.0,Luiz Otávio Peixoto,9999999999,2024-07-29,Non-Warranty,99301002,Opened,22021002,2024-07-29,2024-08-08,1800-01-01 00:00:00,DXD-5F95,Bruna Lopes,+55 61 8142 8626,2024-07-29,2024-07-31,2024-08-08,2024-08-01,11492.0,15898.0,Y,9af1c0f7-4db8-418c-b028-4df2843a92a7,Y,c7faa6d9-0816-4d65-af13-126b820b592f,Suspension problems,,,BRL,2905.57
50.0,1,000018,41.0,Ian Castro,9999999999,2024-06-06,Warranty,99301002,Opened,22021002,2024-06-06,2024-07-17,1800-01-01 00:00:00,CEH-5P87,Rael da Paz,(041) 0017-4946,2024-06-06,2024-07-05,2024-07-17,2024-06-10,44170.0,47782.0,N,,Y,39739c23-a1c1-4975-bdad-9e7df71ba9fa,Suspension problems,,,BRL,2640.22
51.0,1,000042,20.0,Manuella Peixoto,9999999999,2024-06-04,Non-Warranty,99301002,Opened,22021002,2024-06-04,2024-07-01,1800-01-01 00:00:00,BOO-2U53,Sra. Lunna Rocha,61 5447 8795,2024-06-04,2024-06-24,2024-07-01,2024-06-09,47956.0,92188.0,Y,0491825f-fe75-477b-842d-dfe3dac23eae,Y,3ac0eae6-f0c8-42db-956b-ec494fc5226c,Software glitches,,,BRL,826.58
52.0,1,000042,116.0,Clara Cavalcanti,9999999999,2024-03-25,Non-Warranty,99301002,Opened,22021007,2024-03-25,2024-07-23,1800-01-01 00:00:00,PQK-9N55,Dr. Raul da Rosa,31 0600 8538,2024-03-25,2024-07-02,2024-07-23,2024-04-19,27028.0,51523.0,N,,N,,Suspension problems,,,BRL,1292.29
53.0,1,000027,41.0,Liz Cassiano,9999999999,2024-02-29,Warranty,99301002,Opened,22021001,2024-02-29,2024-05-15,1800-01-01 00:00:00,GET-6G98,Alice Teixeira,+55 51 4764 3220,2024-02-29,2024-04-05,2024-05-15,2024-04-05,20277.0,96715.0,N,,N,,Software glitches,,,BRL,1860.21
54.0,1,000009,106.0,Levi Camargo,9999999999,2024-04-08,Warranty,99301002,Opened,22021001,2024-04-08,2024-04-20,1800-01-01 00:00:00,VBG-3E61,Diogo Jesus,+55 (051) 8327 0255,2024-04-08,2024-04-16,2024-04-20,2024-04-13,21634.0,89941.0,Y,74b3328f-cf75-41b2-a462-aec9b0a1ac36,N,,Electrical system faults,,,BRL,2545.83
55.0,1,000026,57.0,Dra. Alice Novaes,9999999999,2024-05-06,Warranty,99301002,Opened,22021002,2024-05-06,2024-07-09,1800-01-01 00:00:00,HMF-6E00,Maria Luiza da Cunha,(061) 3066-7063,2024-05-06,2024-06-14,2024-07-09,2024-06-15,47377.0,2640.0,N,,N,,Battery degradation,,,BRL,2385.37
56.0,1,000030,52.0,Bruno Vasconcelos,9999999999,2024-07-09,Non-Warranty,99301002,Opened,22021002,2024-07-09,2024-07-19,1800-01-01 00:00:00,XCL-0C18,Leonardo Casa Grande,(071) 3335-9514,2024-07-09,2024-07-18,2024-07-19,2024-07-16,37308.0,66041.0,Y,1fed0053-1f16-4d2c-9cb0-aef77f296803,N,,Suspension problems,,,BRL,1251.05
57.0,1,000009,78.0,Valentim Cirino,9999999999,2024-06-01,Warranty,99301002,Opened,22021007,2024-06-01,2024-06-25,1800-01-01 00:00:00,PNG-7W97,Agatha Casa Grande,21 8941 3042,2024-06-01,2024-06-16,2024-06-25,2024-06-14,20005.0,22551.0,Y,481f3a4c-efdc-4584-9b9f-fd563227ea8e,N,,Inconsistent charging,,,BRL,2432.66
58.0,1,000048,107.0,Dra. Mirella Montenegro,9999999999,2024-01-16,Non-Warranty,99301002,Opened,22021007,2024-01-16,2024-02-17,1800-01-01 00:00:00,ACY-0R32,Amanda Fogaça,+55 (041) 0195-1828,2024-01-16,2024-02-11,2024-02-17,2024-02-01,44758.0,30566.0,Y,e0170029-c618-4045-8a9d-59f9e27f71fd,Y,bdc50359-a45b-4246-930c-e37ce8a7979c,Suspension problems,,,BRL,1862.34
59.0,1,000004,89.0,Olívia Araújo,9999999999,2024-01-12,Non-Warranty,99301002,Opened,22021001,2024-01-12,2024-05-06,1800-01-01 00:00:00,NRL-6X21,Valentim Cunha,11 2811-7209,2024-01-12,2024-02-10,2024-05-06,2024-02-19,16577.0,92545.0,Y,9555b6d5-7954-4a17-b88a-4e7b4fa51a73,Y,27be1b75-4868-462d-92a6-c2cdbce3c4b2,Suspension problems,,,BRL,260.41
60.0,1,000029,31.0,Vinícius Teixeira,9999999999,2024-01-28,Warranty,99301002,Opened,22021002,2024-01-28,2024-06-27,1800-01-01 00:00:00,HYB-6B19,Sabrina Montenegro,(081) 9755 3003,2024-01-28,2024-04-01,2024-06-27,2024-06-24,20495.0,87417.0,N,,N,,Cooling system issues,,,BRL,1527.07
61.0,1,000037,54.0,Maitê Farias,9999999999,2024-03-29,Warranty,99301002,Opened,22021001,2024-03-29,2024-07-13,1800-01-01 00:00:00,EYS-9E53,Marcela Lima,21 5500 0698,2024-03-29,2024-06-11,2024-07-13,2024-07-07,41767.0,97872.0,Y,3dab6e30-29cc-40b9-8ce8-be89ce0c6aca,Y,3421a505-4bad-4842-b0c7-e10e3c4fd2fa,Wiring problems,,,BRL,2913.4
62.0,1,000006,68.0,Renan Martins,9999999999,2024-02-16,Warranty,99301002,Opened,22021007,2024-02-16,2024-06-14,1800-01-01 00:00:00,MIN-6N51,Ana Clara da Luz,+55 71 1969-7588,2024-02-16,2024-05-31,2024-06-14,2024-04-12,36732.0,56560.0,N,,N,,Inconsistent charging,,,BRL,2020.22
63.0,1,000006,38.0,Ravy Sousa,9999999999,2024-08-06,Warranty,99301002,Opened,22021007,2024-08-06,2024-08-09,1800-01-01 00:00:00,ZJP-2F54,Lívia Pinto,(041) 9339 6231,2024-08-06,2024-08-08,2024-08-09,2024-08-08,322.0,9155.0,Y,14795432-14d7-4c50-9f34-d0a0afba4179,Y,c0408a56-b38d-42cd-be08-a22e2ddc1d77,Suspension problems,,,BRL,1526.46
64.0,1,000034,110.0,Carolina Leão,9999999999,2024-04-11,Non-Warranty,99301002,Opened,22021002,2024-04-11,2024-04-19,1800-01-01 00:00:00,CTX-4W49,Rafaela Rios,+55 (081) 1916-1428,2024-04-11,2024-04-13,2024-04-19,2024-04-15,16083.0,27446.0,Y,a2627f4d-1b32-4b5c-91bd-3fdfc4cd7d57,N,,Suspension problems,,,BRL,2609.18
65.0,1,000040,117.0,Gustavo Henrique Novais,9999999999,2024-06-28,Non-Warranty,99301002,Opened,22021002,2024-06-28,2024-07-26,1800-01-01 00:00:00,TMS-1N58,Srta. Maria Júlia Alves,+55 (031) 2106-7685,2024-06-28,2024-07-05,2024-07-26,2024-07-07,6117.0,79899.0,N,,N,,Vehicle control system failures,,,BRL,1686.12
66.0,1,000033,111.0,Luísa Garcia,9999999999,2024-05-31,Non-Warranty,99301002,Opened,22021007,2024-05-31,2024-07-24,1800-01-01 00:00:00,WST-5J02,Antony da Luz,0300 851 9831,2024-05-31,2024-07-15,2024-07-24,2024-07-15,32242.0,30706.0,N,,N,,Suspension problems,,,BRL,1187.93
67.0,1,000010,85.0,João Pedro Fernandes,9999999999,2024-01-02,Non-Warranty,99301002,Opened,22021001,2024-01-02,2024-08-01,1800-01-01 00:00:00,KMD-2G88,Maria Luísa Pacheco,+55 (084) 6702 0281,2024-01-02,2024-07-14,2024-08-01,2024-06-26,37320.0,41634.0,N,,N,,Electric motor failure,,,BRL,1005.35
68.0,1,000009,72.0,Henry Gabriel Oliveira,9999999999,2024-06-21,Non-Warranty,99301002,Opened,22021001,2024-06-21,2024-07-15,1800-01-01 00:00:00,YKJ-4S87,Isabelly Lopes,(021) 4695-3137,2024-06-21,2024-06-24,2024-07-15,2024-06-22,14785.0,31547.0,Y,8f38b308-ebc1-42ec-abc7-ae68c524eafd,Y,e6cb9e52-1089-46c0-aa54-b593368f8052,Suspension problems,,,BRL,2939.03
69.0,1,000005,111.0,Olívia Cavalcante,9999999999,2024-01-05,Non-Warranty,99301002,Opened,22021007,2024-01-05,2024-06-14,1800-01-01 00:00:00,UET-2F11,Thiago da Mata,81 3040-9404,2024-01-05,2024-05-14,2024-06-14,2024-06-12,11936.0,92306.0,N,,N,,Overheating of battery,,,BRL,252.31
70.0,1,000033,35.0,Julia Abreu,9999999999,2024-04-30,Warranty,99301002,Opened,22021001,2024-04-30,2024-07-23,1800-01-01 00:00:00,HOF-7U06,Raquel Camargo,+55 84 5074-8902,2024-04-30,2024-05-10,2024-07-23,2024-05-19,30121.0,25201.0,Y,20cf66ad-b674-48c1-b4c8-5b46cc6cac66,Y,e95ae987-f1cb-466e-832a-b1b44f43e091,Suspension problems,,,BRL,2614.21
71.0,1,000013,35.0,João Guilherme Monteiro,9999999999,2024-06-07,Non-Warranty,99301002,Opened,22021002,2024-06-07,2024-06-12,1800-01-01 00:00:00,PNQ-0J94,Luiz Otávio Pacheco,31 8828-6297,2024-06-07,2024-06-11,2024-06-12,2024-06-09,47673.0,47781.0,N,,Y,d3aa11ae-8bdd-4c84-8faa-953f9fe981a9,Suspension problems,,,BRL,1685.97
72.0,1,000041,27.0,Sra. Maria Clara Pires,9999999999,2024-05-20,Non-Warranty,99301002,Opened,22021001,2024-05-20,2024-07-31,1800-01-01 00:00:00,ETY-9X19,Matteo Alves,(031) 9386-6463,2024-05-20,2024-07-15,2024-07-31,2024-06-20,43295.0,61376.0,N,,Y,e7bb345f-7688-4842-9023-42f6055e22db,Suspension problems,,,BRL,2928.99
73.0,1,000022,96.0,Pedro Lucas Vasconcelos,9999999999,2024-04-27,Warranty,99301002,Opened,22021001,2024-04-27,2024-05-15,1800-01-01 00:00:00,WSK-4W06,Vicente Gonçalves,11 0975 1880,2024-04-27,2024-05-03,2024-05-15,2024-05-10,5150.0,93923.0,Y,cfd264ff-06fb-4410-bc52-46f18fe5475b,Y,3803fff3-8f9b-4bda-8a62-4be8c7e2d825,Charging issues,,,BRL,1741.51
74.0,1,000026,25.0,Yasmin Aragão,9999999999,2024-03-31,Non-Warranty,99301002,Opened,22021001,2024-03-31,2024-06-09,1800-01-01 00:00:00,BIZ-6M68,Giovanna das Neves,+55 (031) 3275 7365,2024-03-31,2024-04-09,2024-06-09,2024-04-20,48946.0,92854.0,Y,9e9d3b77-ba34-4580-ada0-a0af0ffd10c7,N,,Inconsistent charging,,,BRL,1453.66
75.0,1,000049,62.0,Carlos Eduardo Farias,9999999999,2024-01-23,Warranty,99301002,Opened,22021002,2024-01-23,2024-07-15,1800-01-01 00:00:00,EPI-8Y50,Isaac Martins,(021) 7970-6179,2024-01-23,2024-02-04,2024-07-15,2024-06-23,21462.0,53724.0,Y,d2fc245f-d484-4eb9-80ca-0db3b383994c,Y,2bcdacf3-2dfc-497a-8288-819822ebc7ef,Battery overheating,,,BRL,2988.0
76.0,1,000015,91.0,Dra. Gabrielly Brito,9999999999,2024-05-13,Warranty,99301002,Opened,22021002,2024-05-13,2024-06-24,1800-01-01 00:00:00,JVN-3Z03,Apollo Oliveira,11 7935 0422,2024-05-13,2024-06-14,2024-06-24,2024-06-10,18732.0,89548.0,N,,Y,0d0c61fd-4700-4eb8-b408-850e0fdc26f4,Battery management system failure,,,BRL,380.84
77.0,1,000037,27.0,Breno Pacheco,9999999999,2024-04-19,Warranty,99301002,Opened,22021002,2024-04-19,2024-08-06,1800-01-01 00:00:00,MNR-5P94,Srta. Elisa Oliveira,(041) 9028 6836,2024-04-19,2024-05-21,2024-08-06,2024-07-08,9867.0,80968.0,Y,7166c54b-9305-4571-9e69-b4b0b54d83e5,Y,bd063866-8a24-4e9e-ade1-9ece5a2e6a99,Suspension problems,,,BRL,2420.92
78.0,1,000034,72.0,Liz Cavalcante,9999999999,2024-07-31,Warranty,99301002,Opened,22021002,2024-07-31,2024-08-13,1800-01-01 00:00:00,WBX-9T66,Dr. Pedro Lucas Fogaça,0500 156 3350,2024-07-31,2024-08-09,2024-08-13,2024-08-08,33249.0,25914.0,Y,584ca7a8-3f0a-4149-98aa-622eeec051bb,N,,Inconsistent charging,,,BRL,2798.85
79.0,1,000031,36.0,Dra. Maria Helena Borges,9999999999,2024-02-27,Warranty,99301002,Opened,22021001,2024-02-27,2024-07-11,1800-01-01 00:00:00,PGM-6P94,Felipe Nunes,81 1969 3265,2024-02-27,2024-06-02,2024-07-11,2024-06-22,1918.0,21603.0,N,,N,,Regenerative braking issues,,,BRL,936.62
80.0,1,000049,43.0,Sr. Lorenzo Teixeira,9999999999,2024-07-08,Non-Warranty,99301002,Opened,22021002,2024-07-08,2024-08-03,1800-01-01 00:00:00,BTV-0J64,Maria Cecília Nogueira,+55 (084) 5188 0861,2024-07-08,2024-07-27,2024-08-03,2024-07-29,34325.0,96248.0,N,,Y,a8efc7f9-d4ad-427d-b29b-76e936580684,Suspension problems,,,BRL,361.75
81.0,1,000046,94.0,Thiago Ramos,9999999999,2024-05-20,Warranty,99301002,Opened,22021007,2024-05-20,2024-07-24,1800-01-01 00:00:00,QXW-8O89,Maria Isis Costa,+55 (051) 3044 8675,2024-05-20,2024-06-29,2024-07-24,2024-06-26,7427.0,53823.0,N,,Y,d6874618-7838-485e-8ab0-d893745c759a,Inconsistent charging,,,BRL,287.94
82.0,1,000017,20.0,Kamilly Guerra,9999999999,2024-03-22,Non-Warranty,99301002,Opened,22021002,2024-03-22,2024-03-23,1800-01-01 00:00:00,UNC-6K78,Matteo Machado,+55 31 0288-9893,2024-03-22,2024-03-22,2024-03-23,2024-03-22,32044.0,38482.0,N,,Y,78b5c1de-ce9c-45a7-a717-69118230088e,Brake system maintenance,,,BRL,2912.59
83.0,1,000025,106.0,Thiago Silveira,9999999999,2024-04-04,Warranty,99301002,Opened,22021001,2024-04-04,2024-04-22,1800-01-01 00:00:00,XLG-7Q85,Davi Lucas Borges,(031) 8446 1779,2024-04-04,2024-04-21,2024-04-22,2024-04-14,24004.0,74003.0,N,,Y,a5565599-125a-4b84-83a0-09fd917b7c40,Charging port issues,,,BRL,1150.15
84.0,1,000043,69.0,Davi da Luz,9999999999,2024-06-04,Warranty,99301002,Opened,22021001,2024-06-04,2024-08-02,1800-01-01 00:00:00,XWI-8X11,Rael Cardoso,51 3574 5272,2024-06-04,2024-07-01,2024-08-02,2024-06-18,1526.0,78138.0,N,,N,,Suspension problems,,,BRL,2609.0
85.0,1,000019,54.0,Dra. Caroline Andrade,9999999999,2024-04-17,Non-Warranty,99301002,Opened,22021001,2024-04-17,2024-06-29,1800-01-01 00:00:00,MRA-5G56,Luna da Mata,+55 21 7549-5290,2024-04-17,2024-04-17,2024-06-29,2024-06-24,16704.0,22132.0,Y,c5f82087-1e4e-4c47-bf69-0a7e08f46f44,N,,Suspension problems,,,BRL,2648.48
86.0,1,000042,76.0,Enzo Pastor,9999999999,2024-05-27,Warranty,99301002,Opened,22021007,2024-05-27,2024-07-21,1800-01-01 00:00:00,DUJ-4G25,Yago Cardoso,+55 31 9036-0497,2024-05-27,2024-07-12,2024-07-21,2024-06-26,24438.0,90355.0,N,,N,,Connectivity issues,,,BRL,1042.89
87.0,1,000025,99.0,Bianca das Neves,9999999999,2024-07-05,Non-Warranty,99301002,Opened,22021001,2024-07-05,2024-07-28,1800-01-01 00:00:00,IBV-1V80,Benício Martins,(061) 7857 4795,2024-07-05,2024-07-05,2024-07-28,2024-07-15,25870.0,6233.0,N,,N,,Tire replacement,,,BRL,498.39
88.0,1,000025,112.0,Gabrielly da Rocha,9999999999,2024-02-22,Non-Warranty,99301002,Opened,22021001,2024-02-22,2024-07-12,1800-01-01 00:00:00,GPL-9L76,Yan Brito,71 6719-3496,2024-02-22,2024-04-02,2024-07-12,2024-03-15,28639.0,75400.0,N,,Y,9c2151a2-75c8-4e6c-b9ea-86e7a5b6a7d3,Battery overheating,,,BRL,373.89
89.0,1,000003,92.0,Jade Almeida,9999999999,2024-07-28,Non-Warranty,99301002,Opened,22021001,2024-07-28,2024-08-02,1800-01-01 00:00:00,NML-0J34,Helena Silva,+55 (084) 5027 5088,2024-07-28,2024-08-01,2024-08-02,2024-07-28,3724.0,95886.0,Y,c970d405-45e4-4876-bcbc-2a0bed410331,N,,Inverter problems,,,BRL,1208.39
90.0,1,000010,108.0,Ísis Macedo,9999999999,2024-05-28,Warranty,99301002,Opened,22021002,2024-05-28,2024-07-09,1800-01-01 00:00:00,DAT-6T53,Juliana Fonseca,31 5978-2074,2024-05-28,2024-06-07,2024-07-09,2024-06-12,13771.0,62732.0,Y,dc07f940-909b-4b6c-be3f-7847525d00de,N,,Suspension problems,,,BRL,2407.66
91.0,1,000021,116.0,Dr. Luiz Gustavo da Cunha,9999999999,2024-07-06,Warranty,99301002,Opened,22021001,2024-07-06,2024-07-08,1800-01-01 00:00:00,OSU-5W88,Srta. Ayla Novais,+55 84 9497 4112,2024-07-06,2024-07-06,2024-07-08,2024-07-07,21687.0,23473.0,N,,Y,e0623ef1-8d59-41bd-9318-9500377f2e47,Suspension problems,,,BRL,793.98
92.0,1,000007,72.0,Vicente Borges,9999999999,2024-04-09,Non-Warranty,99301002,Opened,22021002,2024-04-09,2024-06-22,1800-01-01 00:00:00,OXB-5Q22,Yasmin Rezende,(051) 3360-2241,2024-04-09,2024-04-10,2024-06-22,2024-06-01,18291.0,49459.0,N,,Y,08deb9a9-022f-437d-88a7-cea006ebb89d,Suspension problems,,,BRL,2699.61
93.0,1,000025,54.0,Bento Porto,9999999999,2024-03-13,Non-Warranty,99301002,Opened,22021002,2024-03-13,2024-04-25,1800-01-01 00:00:00,QPN-8A19,Sr. Emanuel Pinto,+55 41 1175-0526,2024-03-13,2024-04-17,2024-04-25,2024-04-12,10174.0,26582.0,N,,Y,7b2343e6-ba03-4a2a-9d97-8cd230167e5b,Brake system maintenance,,,BRL,1242.8
94.0,1,000046,79.0,Sofia Monteiro,9999999999,2024-07-24,Non-Warranty,99301002,Opened,22021002,2024-07-24,2024-07-31,1800-01-01 00:00:00,PQM-4R63,Lavínia Vargas,0300-164-0010,2024-07-24,2024-07-25,2024-07-31,2024-07-25,41000.0,3030.0,N,,N,,Brake system maintenance,,,BRL,2761.81
95.0,1,000024,51.0,Henry Gabriel Moraes,9999999999,2024-04-24,Non-Warranty,99301002,Opened,22021007,2024-04-24,2024-05-28,1800-01-01 00:00:00,ZOW-5B47,Théo Fogaça,51 9571 3917,2024-04-24,2024-04-25,2024-05-28,2024-05-03,17045.0,94074.0,Y,a2efdb5b-f171-4ea9-a49d-997c192546e9,Y,67a1c225-84e8-4209-b7ed-f89b59f42ea9,Brake system maintenance,,,BRL,1874.36
96.0,1,000041,72.0,Sr. Vinicius Oliveira,9999999999,2024-04-23,Warranty,99301002,Opened,22021001,2024-04-23,2024-08-12,1800-01-01 00:00:00,UCV-7H06,Gabrielly da Conceição,+55 84 5051-0528,2024-04-23,2024-06-03,2024-08-12,2024-06-25,20384.0,4188.0,N,,Y,be41ea56-3f09-4013-85bd-ffb13f360534,Suspension problems,,,BRL,1556.3
97.0,1,000028,105.0,Nina da Mota,9999999999,2024-07-12,Warranty,99301002,Opened,22021001,2024-07-12,2024-07-17,1800-01-01 00:00:00,IST-0H75,Nicole Cavalcante,(084) 8135-8559,2024-07-12,2024-07-14,2024-07-17,2024-07-16,22165.0,92133.0,Y,11417413-89f4-4ff6-8b85-4239ee7e3352,N,,Climate control system issues,,,BRL,2367.02
98.0,1,000014,65.0,Davi Miguel Fonseca,9999999999,2024-07-24,Warranty,99301002,Opened,22021001,2024-07-24,2024-08-06,1800-01-01 00:00:00,YPU-4E12,Sr. João Guilherme Vieira,61 0071-0580,2024-07-24,2024-08-03,2024-08-06,2024-08-05,17498.0,4014.0,Y,1567b3c9-af7a-48c5-babe-5a8d78a51ef9,Y,880b3ff9-f4b7-461d-a172-56a8de4452be,Wiring problems,,,BRL,1467.35
99.0,1,000021,116.0,Dr. Enrico Santos,9999999999,2024-01-07,Warranty,99301002,Opened,22021001,2024-01-07,2024-03-21,1800-01-01 00:00:00,XUM-7B19,Lunna Araújo,+55 (041) 4283-3962,2024-01-07,2024-01-26,2024-03-21,2024-02-09,39933.0,60996.0,N,,N,,Brake system maintenance,,,BRL,2807.75
100.0,1,000021,60.0,Dr. Daniel Rios,9999999999,2024-01-18,Non-Warranty,99301002,Opened,22021002,2024-01-18,2024-03-23,1800-01-01 00:00:00,SNL-8O95,Luiz Henrique Ramos,+55 (051) 7548 2416,2024-01-18,2024-01-28,2024-03-23,2024-03-07,5922.0,75706.0,N,,N,,Software glitches,,,BRL,2452.63
